StartDate,EndDate,Status,IPAddress,Location,Progress,Duration (in seconds),Finished,RecordedDate,ResponseId,RecipientLastName,RecipientFirstName,RecipientEmail,ExternalReference,LocationLatitude,LocationLongitude,DistributionChannel,UserLanguage,Consent,JB_low_A_sustainability,JB_low_A_moral,JB_low_A_I_would,JB_low_A_others_would,JB_low_A_people_should,JB_low_B_sustainability,JB_low_B_moral,JB_low_B_I_would,JB_low_B_others_would,JB_low_B_people_should,JB_low_C_sustainability,JB_low_C_moral,JB_low_C_I_would,JB_low_C_others_would,JB_low_C_people_should,JB_high_A_sustainability,JB_high_A_moral,JB_high_A_I_would,JB_high_A_others_would,JB_high_A_people_should,JB_high_B_sustainability,JB_high_B_moral,JB_high_B_I_would,JB_high_B_others_would,JB_high_B_people_should,JB_high_C_sustainability,JB_high_C_moral,JB_high_C_I_would,JB_high_C_others_would,JB_high_C_people_should, EAI_1, EAI_2, EAI_3, EAI_4, EAI_5, EAI_6, EAI_7, EAI_8, EAI_9, EAI_10, EAI_11, EAI_12, EAI_13, EAI_14, EAI_15, EAI_16, EAI_17, EAI_18, EAI_19, EAI_20, EAI_21, EAI_22, EAI_23, EAI_24,ClimateConcern,ClimateDamage,ClimateCause,ClimateCauseProbability, GPS_Utility,GPS_Risk, GPS_Favour,GPS_Revenge,GPS_Punishment_1,GPS_Punishment_2,GPS_Benevolent,GPS_Intentions,CS_Contd,CS_Experience,CS_Concern,CS_Probability,CS_Type,CS_Type_Description,CS_Extraction,CS_Initiatives,CS_ExtractionOpinion,AB_Individual,AB_Group,Age,Gender,Country_of_Residence,Education,Field_of_Study,Social_Ladder,SelfAssessment
1/6/2024 3:00,1/6/2024 3:10,0,109.42.177.178,Germany,100,565,1,1/6/2024 3:10,R_3OmuKLoR0J2uau5,,,,,50.9771,6.9186,anonymous,DE,1,1,3,1,3,5,5,2,1,4,2,1,1,1,3,3,,,,,,,,,,,,,,,,7,1,6,2,2,5,2,6,6,3,7,7,6,6,3,4,1,7,4,5,6,7,4,4,2,2,1,1,18,8,10,1,3,4,9,6,1,2,,50,"1,4,6",,2,3,4,4,3,19,1,1,2,1,7,1
1/5/2024 7:32,1/5/2024 7:43,0,46.114.193.114,Germany,100,637,1,1/5/2024 7:43,R_2M4rhrS0rf5MZGO,,,,,51.4444,7.0114,anonymous,DE,1,4,5,4,3,4,1,2,2,4,2,1,1,3,4,1,,,,,,,,,,,,,,,,5,3,7,1,1,7,2,4,7,1,7,1,3,6,2,5,5,3,6,2,7,1,1,7,1,2,1,1,20,4,11,3,7,5,10,10,1,2,,29,"3,6",,2,2,2,5,2,20,1,1,3,1,9,1
1/5/2024 5:30,1/5/2024 5:41,0,111.94.136.69,Indonesia,100,652,1,1/5/2024 5:41,R_4QuCSLNZ86StvsP,,,,,-7.1511,112.6611,anonymous,ID,1,5,5,5,5,5,3,3,3,3,3,1,1,1,1,1,3,3,4,4,3,2,1,1,3,1,2,2,2,2,2,6,2,6,2,6,3,6,6,2,6,3,6,3,6,3,6,4,4,2,4,5,2,4,4,1,4,1,1,21,10,11,10,10,10,10,10,1,1,5,100,"1,4",,1,1,3,5,2,20,1,3,2,2,9,1
1/5/2024 5:17,1/5/2024 5:57,0,36.77.34.4,Indonesia,100,2402,1,1/5/2024 5:57,R_5knTuhX6XxVQSFn,,,,,-7.8175,112.019,anonymous,ID,1,4,5,5,3,5,2,2,1,3,1,1,1,1,2,1,4,5,4,4,4,3,2,3,3,3,2,2,2,3,3,6,4,1,6,5,3,3,5,3,6,6,3,3,1,3,6,4,3,5,4,5,2,4,5,1,3,1,1,19,11,11,6,8,6,11,8,1,1,4,49,"1,3,4,6",,1,3,4,5,3,20,1,3,4,2,6,1
1/8/2024 0:40,1/8/2024 0:54,0,89.0.148.62,Germany,100,847,1,1/8/2024 0:54,R_6Vs8oU1PeRTIefT,,,,,50.9111,6.9122,anonymous,DE,1,,,,,,,,,,,,,,,,3,3,4,2,4,1,1,3,5,1,1,1,1,5,5,6,2,5,2,6,1,4,5,4,4,6,1,2,6,5,3,6,2,3,2,6,1,2,6,1,3,1,1,20,4,10,1,1,1,9,3,1,1,2,41,"1,3,6",,2,2,4,4,2,21,2,1,3,2,8,1
1/3/2024 0:45,1/3/2024 1:17,0,157.40.67.93,India,100,1922,1,1/3/2024 1:17,R_4pLqOVkuqRYiZaT,,,,,22.518,88.3832,anonymous,EN,1,5,4,4,2,5,2,1,2,4,2,1,1,1,4,1,4,4,4,3,5,2,2,3,4,3,1,1,1,4,3,6,1,7,4,6,4,4,7,5,3,7,1,4,3,2,6,6,5,1,6,6,7,7,1,1,2,4,1,20,7,11,4,9,8,8,2,2,,,,,,,,,5,3,21,2,2,4,2,6,1
1/5/2024 7:22,1/5/2024 7:40,0,131.220.204.183,Germany,100,1106,1,1/5/2024 7:40,R_51gmQOBF2qxz4Wd,,,,,50.742,7.0601,anonymous,DE,1,,,,,,,,,,,,,,,,3,3,3,5,2,2,2,3,3,4,2,1,1,5,3,3,6,7,1,1,7,1,6,4,4,5,2,2,6,7,6,2,6,4,4,6,1,1,7,2,4,1,1,19,6,11,9,8,1,6,1,1,1,2,12,"1,6",,1,3,4,4,2,21,1,1,2,2,9,1
1/4/2024 23:45,1/5/2024 0:15,0,36.73.139.101,Indonesia,100,1789,1,1/5/2024 0:15,R_4N998WGUzNnZ1pq,,,,,-7.8035,110.3646,anonymous,ID,1,5,5,3,4,5,1,1,2,4,5,2,2,1,3,1,4,5,3,3,3,1,1,3,3,1,2,1,3,4,1,4,2,7,2,5,3,5,7,1,7,6,2,1,7,6,6,4,4,1,7,6,2,2,6,2,2,1,1,20,6,9,5,5,5,9,5,1,2,,25,"1,2,6",,1,3,4,5,3,21,1,3,2,1,7,1
1/5/2024 5:27,1/5/2024 5:45,0,125.164.0.83,Indonesia,100,1105,1,1/5/2024 5:45,R_4UIE5UOhOhyNl73,,,,,-7.2484,112.7419,anonymous,ID,1,2,3,2,2,3,3,3,3,3,3,3,3,3,3,3,4,5,3,3,5,2,3,3,3,2,2,2,2,3,2,7,4,7,2,4,4,2,7,1,7,7,2,2,6,2,7,2,4,2,2,3,1,3,4,2,2,1,1,22,8,11,5,9,11,6,6,1,1,2,10,"6,8",gempa,1,3,4,5,1,21,1,3,2,2,7,1
1/5/2024 5:26,1/5/2024 8:21,0,180.248.0.179,Indonesia,100,10475,1,1/5/2024 8:21,R_4JKkpXaE3TfiuAu,,,,,-7.8175,112.019,anonymous,ID,1,4,4,3,3,3,1,2,2,3,2,1,1,1,2,1,5,4,4,4,4,2,2,3,3,2,1,1,1,2,1,6,1,6,2,5,2,1,6,2,5,6,2,4,4,3,5,2,4,2,5,6,1,6,1,2,3,4,1,21,8,10,2,2,8,9,6,1,1,5,64,"1,2,3,4,5,6",,1,3,3,4,2,21,2,3,2,2,8,1
1/9/2024 16:34,1/9/2024 16:58,0,182.1.100.112,Indonesia,100,1438,1,1/9/2024 16:58,R_4NPYwKrKKgSO4kc,,,,,-7.2484,112.7419,anonymous,ID,1,4,4,4,2,3,2,2,2,4,4,1,1,1,3,1,4,4,3,4,3,2,3,2,4,2,1,1,1,4,1,6,1,7,1,5,2,2,7,1,6,6,1,3,3,2,6,1,7,4,3,6,2,4,5,2,3,1,1,20,7,8,2,3,5,10,1,1,1,5,57,3,,2,2,5,5,2,21,1,3,2,1,9,1
1/5/2024 4:16,1/5/2024 4:41,0,182.3.39.105,Indonesia,100,1498,1,1/5/2024 4:41,R_43MjC2urfmWklQl,,,,,-6.2114,106.8446,anonymous,ID,1,4,4,4,4,3,2,2,2,2,2,1,1,1,2,1,3,4,4,4,3,2,2,2,2,2,1,1,1,2,1,7,1,7,1,6,2,5,6,3,5,5,2,5,4,2,6,2,5,3,5,5,2,6,6,1,4,1,1,20,7,11,4,8,8,10,3,1,1,4,70,"1,4,6,7",,1,1,4,5,2,22,2,3,4,1,6,1
1/4/2024 8:32,1/4/2024 8:40,0,131.220.249.17,Germany,100,443,1,1/4/2024 8:40,R_5M4VnvW08Je9eB5,,,,,50.7261,7.1184,anonymous,DE,1,3,4,2,3,2,2,2,2,2,1,1,1,1,2,1,,,,,,,,,,,,,,,,6,2,3,3,5,3,3,5,2,5,6,2,3,5,2,6,5,3,4,4,5,6,3,2,2,1,1,1,20,6,8,4,8,5,7,3,1,1,2,20,3,,1,1,4,4,2,22,1,1,4,2,8,1
1/5/2024 0:02,1/5/2024 0:13,0,172.225.189.192,Germany,100,650,1,1/5/2024 0:13,R_4trEjzkKEvNSYqk,,,,,51.2184,6.7734,anonymous,DE,1,5,5,5,2,4,2,2,2,4,2,1,1,1,3,2,,,,,,,,,,,,,,,,7,2,2,3,3,3,2,5,1,6,5,2,2,6,2,6,6,2,4,4,5,2,4,7,2,2,1,1,19,3,9,3,3,5,8,2,1,2,,10,,,2,2,4,4,4,22,1,1,4,3,9,1
1/5/2024 21:33,1/5/2024 22:05,0,140.213.6.105,Indonesia,100,1911,1,1/5/2024 22:05,R_4n9hpezjbcwM9F2,,,,,-6.2114,106.8446,anonymous,ID,1,4,4,4,3,4,3,2,3,3,3,1,1,1,1,1,3,3,4,4,5,1,1,1,3,3,1,1,1,3,1,7,1,6,1,7,1,7,7,1,7,7,1,4,4,3,6,5,3,3,3,7,1,3,4,2,4,1,1,20,9,10,1,11,11,8,6,2,,,,,,,,,5,2,22,1,3,4,1,10,1
1/4/2024 9:17,1/4/2024 9:30,0,212.201.74.132,Germany,100,774,1,1/4/2024 9:30,R_1j70mHImvWoaers,,,,,50.7263,7.0932,anonymous,DE,1,,,,,,,,,,,,,,,,5,5,3,3,4,3,3,4,5,3,1,2,3,3,1,5,1,5,2,4,3,2,5,4,4,5,2,6,2,2,3,3,5,2,6,6,2,1,7,1,2,4,1,19,4,8,1,3,6,10,7,1,2,,72,,,1,3,5,4,2,23,1,1,4,3,10,1
1/4/2024 11:03,1/4/2024 11:16,0,77.1.30.77,Germany,100,811,1,1/4/2024 11:17,R_4psftA4vx9YrNlv,,,,,53.5694,10.0372,anonymous,DE,1,5,3,4,2,5,1,1,4,3,1,1,1,4,2,1,,,,,,,,,,,,,,,,5,3,6,2,5,1,2,6,2,5,7,2,7,1,2,6,3,6,2,6,7,1,3,6,1,4,1,1,21,8,6,3,2,7,11,7,1,1,5,81,"1,3,6",,1,3,5,5,3,23,2,1,4,2,9,1
1/9/2024 12:00,1/9/2024 12:14,0,94.134.247.187,Germany,100,846,1,1/9/2024 12:14,R_8lsHJJQZBojAX57,,,,,50.5692,8.6489,anonymous,DE,1,,,,,,,,,,,,,,,,4,4,4,2,3,1,1,1,3,3,1,1,2,3,3,4,1,7,1,5,1,1,7,6,1,7,1,4,4,5,5,1,7,3,6,7,1,2,6,1,3,1,1,18,7,9,1,1,1,11,9,1,1,,,,,,,,,,23,2,1,2,1,7,1
1/2/2024 21:50,1/2/2024 22:03,0,106.196.111.189,India,100,760,1,1/2/2024 22:03,R_4IQoHpjelsWupBe,,,,,31.33,75.5844,anonymous,EN,1,5,4,4,3,4,2,2,2,4,2,1,1,1,4,1,4,4,4,4,4,1,1,1,4,1,1,1,1,4,1,6,1,5,3,6,2,4,7,1,6,7,1,6,2,2,6,1,6,1,5,7,1,7,2,1,4,1,1,21,9,9,4,9,8,9,5,1,1,5,87,"1,4,5,6",,1,3,5,,2,23,1,2,4,3,8,1
1/5/2024 4:08,1/5/2024 4:37,0,103.178.194.149,Indonesia,100,1737,1,1/5/2024 4:37,R_4DUB8lIAiUxFJiB,,,,,-6.177,106.6284,anonymous,ID,1,5,4,4,3,5,4,3,3,3,3,2,1,1,3,1,5,4,4,3,5,4,3,3,3,3,2,1,1,2,1,5,3,7,7,4,4,6,7,3,7,6,2,3,6,3,7,3,2,2,5,5,1,4,7,1,4,1,1,20,9,11,4,10,9,11,7,1,1,5,70,"1,3,8",Polusi udara ekstrem,2,3,4,5,2,23,2,3,4,1,8,1
1/5/2024 22:43,1/5/2024 22:56,0,103.107.84.128,Indonesia,100,770,1,1/5/2024 22:56,R_4P51R9bcYnzq8ZU,,,,,-7.5356,110.5961,anonymous,ID,1,2,2,2,2,2,1,1,1,1,1,1,1,1,1,1,2,2,2,3,2,2,2,2,2,2,1,1,1,3,1,5,2,5,5,6,2,4,6,4,4,5,3,6,3,2,6,2,2,3,5,4,1,6,2,1,4,1,1,18,6,10,5,7,7,8,6,1,1,4,20,1,,1,1,4,5,4,23,1,3,4,1,7,1
1/9/2024 22:13,1/9/2024 22:30,0,182.255.7.10,Indonesia,100,999,1,1/9/2024 22:30,R_47oSp0WffkKAwqR,,,,,-6.9932,110.4215,anonymous,ID,1,4,4,4,3,4,2,2,3,3,3,1,2,2,3,1,4,4,4,4,3,2,2,3,3,2,1,2,2,3,1,5,3,7,1,5,4,2,7,3,6,6,2,3,6,4,4,3,6,3,4,6,3,5,2,1,4,1,1,18,9,9,7,7,6,9,6,1,2,,62,"1,3,6",,1,2,5,4,3,23,1,3,2,1,8,1
1/4/2024 12:47,1/4/2024 12:53,0,46.114.243.191,Germany,100,362,1,1/4/2024 12:53,R_2dSNcuCENeB1JJv,,,,,52.3718,9.7308,anonymous,DE,1,5,5,5,3,5,3,3,4,5,4,1,2,2,4,2,,,,,,,,,,,,,,,,7,1,4,3,4,4,1,5,3,2,5,2,6,2,2,5,1,6,2,5,6,7,3,5,2,3,1,1,16,5,10,2,9,9,7,8,1,2,,68,"4,5",,2,3,4,4,2,23,2,1,2,3,10,1
1/10/2024 15:50,1/10/2024 16:02,0,46.193.65.68,Germany,100,741,1,1/10/2024 16:02,R_3TN3mfjHWBYaLkW,,,,,48.7283,2.2815,anonymous,DE,1,4,5,4,3,5,3,4,4,4,3,2,2,2,3,1,,,,,,,,,,,,,,,,6,2,6,1,3,5,1,5,3,3,7,1,6,2,3,5,2,7,4,4,2,5,3,5,2,3,1,1,20,3,9,2,4,3,7,6,1,1,2,68,"1,5",,2,3,4,4,2,23,2,1,4,2,11,1
1/2/2024 23:27,1/2/2024 23:40,0,122.172.11.22,India,100,781,1,1/2/2024 23:40,R_4PA3cdzZ3U9UvTA,,,,,22.518,88.3832,anonymous,EN,1,4,4,4,4,4,1,1,1,3,2,1,1,1,2,2,5,5,5,4,5,1,1,1,3,1,1,1,1,3,1,7,2,7,4,4,4,7,6,4,4,6,2,2,5,2,6,2,2,5,3,6,1,3,6,2,3,1,1,18,7,10,5,5,5,7,4,1,1,2,41,2,,2,2,4,5,2,23,2,2,4,2,9,1
1/3/2024 0:40,1/3/2024 0:51,0,103.244.241.181,India,100,647,1,1/3/2024 0:51,R_4YhyynrpbbbfgQ1,,,,,22.518,88.3832,anonymous,EN,1,4,3,4,3,4,3,3,2,3,2,1,3,2,3,2,4,4,4,3,3,2,3,3,3,2,1,3,3,2,3,6,2,5,4,4,4,4,3,4,4,5,3,6,3,4,4,3,5,4,4,5,2,4,5,2,3,1,1,19,6,9,3,5,4,7,7,1,1,2,70,"1,2,3,6",,2,3,3,4,3,23,2,2,4,2,7,1
1/3/2024 7:06,1/3/2024 7:18,0,49.36.181.21,India,100,680,1,1/3/2024 7:18,R_4Si5uPEfta4hPep,,,,,28.6542,77.2373,anonymous,EN,1,5,5,5,3,5,3,3,2,2,2,1,1,1,1,2,4,4,4,4,4,3,3,3,3,3,1,1,1,1,2,7,1,6,2,4,2,2,6,4,4,7,1,2,6,1,6,1,6,3,2,6,7,3,6,2,4,1,1,21,8,11,4,1,1,8,8,2,,,,,,,,,5,3,23,2,1,5,1,9,1
1/5/2024 0:36,1/5/2024 1:23,0,146.75.160.29,Indonesia,100,2846,1,1/5/2024 1:23,R_4bpiaSYWQGHcNfb,,,,,-6.2114,106.8446,anonymous,ID,1,3,2,2,3,1,1,1,2,3,1,1,1,1,3,1,2,3,2,3,2,1,2,2,3,2,1,1,1,2,1,5,3,7,1,6,3,3,7,3,6,7,2,2,5,2,5,2,6,3,3,6,1,3,4,2,3,1,1,17,9,11,5,9,10,11,6,1,1,4,50,"1,3,6,8",Gempa,2,2,4,5,4,23,1,3,4,1,9,1
1/8/2024 21:49,1/8/2024 22:09,0,182.2.40.248,Indonesia,100,1208,1,1/8/2024 22:09,R_42RU59TRGV8cK5R,,,,,-6.9932,110.4215,anonymous,ID,1,5,5,5,3,3,1,4,1,4,1,1,1,1,3,1,2,2,1,2,2,2,2,2,2,2,1,1,1,1,1,6,2,7,1,2,6,5,7,2,7,2,4,2,7,2,6,2,6,4,4,5,2,4,7,2,4,1,1,22,2,11,2,11,4,10,6,1,1,4,41,"1,3",,2,3,3,4,3,23,2,3,2,1,11,1
1/9/2024 2:30,1/9/2024 2:55,0,202.80.218.124,Indonesia,100,1484,1,1/9/2024 2:55,R_4V42qRuuZvg7217,,,,,-6.9217,107.6071,anonymous,ID,1,4,4,4,3,5,2,2,1,3,2,1,1,1,2,2,4,5,4,3,4,1,2,1,3,1,1,2,1,3,2,5,2,7,1,6,2,2,6,1,7,6,2,4,4,2,7,2,6,2,6,5,6,4,4,2,3,1,1,19,7,9,6,7,6,9,6,1,1,4,20,"2,3,6",,2,3,4,4,3,23,2,3,2,3,7,1
1/4/2024 8:33,1/4/2024 8:39,0,91.133.84.130,Germany,100,402,1,1/4/2024 8:39,R_2qqO1ytfctfYCr8,,,,,47.2835,11.5953,anonymous,DE,1,5,5,3,3,5,3,2,3,3,2,1,1,3,3,1,,,,,,,,,,,,,,,,7,2,6,3,2,5,3,4,2,4,5,4,4,4,5,3,5,4,5,3,5,5,4,5,3,3,1,1,18,6,10,3,2,8,6,9,1,2,,57,"1,3,5",,1,2,4,4,3,23,2,1,4,1,8,1
1/4/2024 6:53,1/4/2024 6:59,0,80.187.116.243,Germany,100,372,1,1/4/2024 6:59,R_6uvtFW2axsRR5OE,,,,,50.9851,11.0314,anonymous,DE,1,,,,,,,,,,,,,,,,5,5,5,4,4,1,1,1,2,2,1,1,1,3,3,7,1,6,3,4,4,2,4,4,4,6,1,5,4,1,7,2,5,4,6,7,6,4,4,1,2,1,1,21,7,11,2,4,2,9,3,1,1,5,88,"1,3,4,6",,1,3,4,5,4,24,2,1,2,2,8,1
1/2/2024 20:35,1/2/2024 20:50,0,42.105.141.247,India,100,848,1,1/2/2024 20:50,R_4l4nx36yHQwuSul,,,,,22.518,88.3832,anonymous,EN,1,5,5,5,5,5,3,3,3,3,3,2,1,2,3,2,4,4,4,3,4,2,1,1,3,1,1,1,1,3,1,7,2,7,1,6,3,1,7,3,5,6,2,5,5,2,6,4,6,2,4,4,1,6,4,1,4,1,1,20,10,9,10,10,9,10,6,1,1,5,72,3,,1,2,5,5,2,24,2,2,5,1,12,1
1/2/2024 23:06,1/3/2024 0:06,0,171.77.145.179,India,100,3607,1,1/3/2024 0:06,R_4IcPj9ZSxFmvyFZ,,,,,19.0748,72.8856,anonymous,EN,1,3,4,4,4,4,1,1,1,1,1,1,1,1,1,1,2,3,1,3,1,1,1,1,1,1,1,1,1,1,1,5,2,7,2,6,2,3,7,3,7,7,1,4,4,2,6,1,7,3,5,6,1,4,4,1,4,1,1,18,5,11,1,9,11,11,11,2,,,,,,,,,5,3,24,2,2,4,2,7,1
1/4/2024 23:33,1/4/2024 23:47,0,103.107.84.128,Indonesia,100,812,1,1/4/2024 23:47,R_4QlXBLIZ2mUOpNf,,,,,-7.5356,110.5961,anonymous,ID,1,3,3,2,3,3,1,1,1,2,1,1,1,1,1,1,2,2,3,1,1,1,1,1,2,1,1,1,1,3,1,5,2,7,4,6,2,5,7,4,4,6,2,5,3,2,5,5,5,2,4,3,1,5,2,1,4,1,1,22,7,10,4,8,7,9,6,1,2,,20,1,,1,1,5,5,3,24,2,3,4,1,7,1
1/8/2024 22:17,1/8/2024 22:38,0,114.10.5.211,Indonesia,100,1256,1,1/8/2024 22:38,R_4Lu3ySF5JFb5Jc4,,,,,-6.9932,110.4215,anonymous,ID,1,3,2,3,4,2,1,1,1,2,2,1,1,1,3,2,2,2,2,2,4,1,1,1,2,2,1,1,1,1,1,6,2,7,2,6,2,1,7,3,5,6,2,6,7,1,7,2,5,3,3,7,1,5,3,1,3,4,4,20,8,10,4,5,6,9,6,2,,,,,,,,,5,4,24,4,3,2,2,9,1
1/4/2024 8:27,1/4/2024 8:45,0,46.114.105.116,Germany,100,1126,1,1/4/2024 8:45,R_6lX1cgTpziHpicj,,,,,50.9697,7.005,anonymous,DE,1,,,,,,,,,,,,,,,,4,5,3,2,4,3,2,4,4,2,1,2,3,3,1,6,1,6,2,4,4,6,5,2,6,6,2,6,2,5,5,4,4,3,5,5,6,1,6,2,3,1,1,17,10,4,1,3,1,3,4,1,1,2,30,3,,1,1,4,4,4,24,1,1,4,3,11,1
1/10/2024 4:38,1/10/2024 5:11,0,131.220.47.1,Germany,100,2014,1,1/10/2024 5:11,R_5ncjqqjCBvpVFac,,,,,50.7261,7.1184,anonymous,DE,1,,,,,,,,,,,,,,,,5,4,4,3,5,3,4,3,4,2,1,1,1,3,1,6,1,4,3,3,3,1,7,3,5,6,1,6,2,2,6,4,2,3,4,6,2,5,5,2,2,1,1,22,5,10,7,7,9,8,6,1,2,,37,"1,4",,2,2,4,4,2,24,1,1,4,2,10,1
1/3/2024 5:47,1/3/2024 6:23,0,47.15.5.55,India,100,2191,1,1/3/2024 6:24,R_4PAdizSdYy8Puoh,,,,,26.8756,80.9115,anonymous,EN,1,5,5,5,1,5,1,5,1,5,1,1,1,1,5,1,5,5,5,1,5,1,1,1,5,1,1,1,1,5,1,6,1,6,2,5,3,2,6,2,6,6,2,7,2,2,5,1,6,4,4,6,2,6,3,2,3,1,1,22,1,11,1,1,11,11,1,1,1,2,90,"1,2",,1,3,4,4,2,24,2,2,4,2,7,1
1/4/2024 9:57,1/4/2024 10:12,0,104.28.135.27,Germany,100,899,1,1/4/2024 10:12,R_22yT7EFnoKSDbfa,,,,,50.1188,8.6843,anonymous,DE,1,,,,,,,,,,,,,,,,5,5,4,3,5,3,3,3,3,2,1,1,1,3,1,7,1,3,2,2,5,2,6,3,5,5,2,2,5,2,5,6,2,4,3,7,1,1,7,2,2,4,4,18,6,8,5,7,8,9,4,1,2,,30,6,,2,3,3,4,2,25,1,1,4,1,10,1
1/4/2024 11:58,1/4/2024 12:18,0,212.201.71.91,Germany,100,1157,1,1/4/2024 12:18,R_5NKIFo0hCzmc9fr,,,,,50.742,7.0601,anonymous,DE,1,,,,,,,,,,,,,,,,4,4,4,2,4,2,2,3,4,3,1,1,2,3,1,6,2,3,5,2,5,1,7,3,5,6,1,3,5,3,5,1,6,3,5,5,2,1,5,2,3,1,1,21,7,11,4,8,8,9,6,1,2,,60,"1,3",,1,3,4,5,3,25,1,1,4,2,8,1
1/5/2024 6:28,1/5/2024 6:36,0,87.97.23.211,Germany,100,479,1,1/5/2024 6:36,R_4TRJe2mqeQnCKZz,,,,,46.2527,20.154,anonymous,DE,1,5,5,4,3,5,3,3,4,3,3,1,1,1,4,1,,,,,,,,,,,,,,,,5,1,5,6,3,4,1,7,3,4,7,1,3,5,2,5,2,7,2,5,6,7,2,7,2,3,1,1,21,6,11,2,2,7,11,6,1,2,,46,"1,4",,2,2,4,4,4,25,1,1,4,2,4,1
1/11/2024 6:20,1/11/2024 6:35,0,131.220.249.2,Germany,100,882,1,1/11/2024 6:35,R_5SBy2iBVRseN9QJ,,,,,50.7261,7.1184,anonymous,DE,1,5,5,5,3,5,2,2,2,4,2,1,1,1,3,4,,,,,,,,,,,,,,,,5,1,6,3,3,4,2,3,5,5,5,2,3,6,2,4,2,6,4,3,6,2,1,6,2,3,1,1,17,6,10,2,4,8,8,4,1,2,,70,"1,3,4,6",,1,2,2,2,2,25,2,1,2,2,8,1
1/2/2024 21:35,1/2/2024 21:44,0,172.225.201.29,India,100,521,1,1/2/2024 21:44,R_4feBchS5sJaRPIg,,,,,22.518,88.3832,anonymous,EN,1,5,4,4,2,5,2,2,2,3,2,1,1,2,2,3,5,4,4,4,4,2,3,2,3,3,1,2,2,3,2,5,2,7,5,6,3,3,7,3,5,7,1,5,5,3,6,2,7,4,4,7,1,7,1,2,3,1,1,20,8,11,5,8,8,9,7,2,,,,,,,,,4,4,25,2,2,4,3,8,1
1/2/2024 23:18,1/2/2024 23:31,0,152.58.176.221,India,100,781,1,1/2/2024 23:31,R_4roMxtg910FGBMw,,,,,22.518,88.3832,anonymous,EN,1,4,3,3,4,4,3,3,3,4,4,1,1,1,2,3,3,3,3,4,2,2,2,3,3,3,1,1,1,4,2,6,2,7,4,7,2,2,6,2,4,6,6,4,6,4,6,2,4,5,4,7,2,6,1,2,2,1,4,19,5,8,2,4,5,8,8,1,2,,21,2,,2,3,4,4,4,25,1,2,4,2,7,1
1/3/2024 5:07,1/4/2024 2:03,0,49.43.228.227,India,100,75362,1,1/4/2024 2:03,R_4qHA3o3RonnywFE,,,,,17.3724,78.4378,anonymous,EN,1,4,3,4,4,4,3,3,3,3,3,2,3,2,2,2,3,3,3,3,3,3,3,3,3,3,3,3,3,3,3,6,3,7,1,4,4,2,7,2,6,7,1,1,6,2,7,3,6,2,6,7,1,7,1,2,4,4,1,20,9,11,1,6,9,9,1,2,,,,,,,,,5,3,25,1,2,4,2,6,1
1/4/2024 22:15,1/4/2024 22:35,0,119.82.245.14,Indonesia,100,1218,1,1/4/2024 22:35,R_4gztsTFplC68FHd,,,,,-7.397,110.3635,anonymous,ID,1,4,3,2,3,3,4,4,3,4,3,5,2,1,3,2,2,3,4,3,3,4,4,4,4,4,5,2,1,3,3,4,4,6,2,4,4,6,7,4,4,5,3,4,4,4,6,4,4,4,6,4,1,4,3,2,3,4,1,19,7,10,7,8,8,10,9,1,2,,61,,,1,3,3,5,3,25,2,3,2,2,10,1
1/5/2024 7:28,1/5/2024 7:42,0,114.5.110.242,Indonesia,100,818,1,1/5/2024 7:42,R_41craPaKlbrrKcF,,,,,-7.2484,112.7419,anonymous,ID,1,3,3,3,3,3,1,1,1,1,1,1,1,1,1,1,4,4,5,4,4,1,1,1,1,1,1,1,1,1,1,7,1,7,1,4,4,7,7,6,5,6,1,2,7,2,6,4,4,2,4,7,1,4,4,1,4,1,1,18,4,6,4,6,5,7,4,1,1,5,71,"1,2,3,4,5,6,7",,2,2,3,5,3,25,2,3,4,2,6,1
1/7/2024 4:27,1/7/2024 4:43,0,2.160.86.214,Germany,100,954,1,1/7/2024 4:43,R_22L648b0Z9NT1aO,,,,,48.641,9.1274,anonymous,DE,1,,,,,,,,,,,,,,,,4,4,5,4,4,1,2,3,4,2,1,1,2,3,1,6,2,3,4,4,3,1,7,5,3,6,2,3,6,5,4,3,5,3,4,6,2,4,4,1,3,1,1,20,6,10,2,2,2,10,5,1,2,,39,1,,1,3,4,4,2,26,2,1,4,2,9,1
1/7/2024 12:24,1/7/2024 12:33,0,194.94.198.238,Germany,100,569,1,1/7/2024 12:33,R_2FfusSMmS4iuoOI,,,,,50.742,7.0601,anonymous,DE,1,,,,,,,,,,,,,,,,5,5,5,2,4,1,1,2,4,1,1,1,1,4,1,7,1,6,3,3,6,1,6,2,6,6,2,4,4,2,7,2,6,3,6,5,1,1,7,1,3,1,1,20,6,11,6,11,10,11,4,1,2,,60,"1,6",,2,2,5,5,3,26,1,1,4,1,6,1
1/11/2024 12:06,1/11/2024 12:21,0,172.226.110.51,Germany,100,857,1,1/11/2024 12:21,R_8WIEtp88a7F24OR,,,,,51.2184,6.7734,anonymous,DE,1,,,,,,,,,,,,,,,,5,5,3,2,4,3,3,3,4,3,1,1,1,3,2,3,6,5,2,2,6,2,6,3,5,6,1,5,2,5,5,3,6,5,3,5,5,2,6,1,3,1,1,19,4,9,2,3,1,7,8,2,,,,,,,,,4,1,26,1,1,4,1,8,1
1/5/2024 4:44,1/5/2024 4:51,0,125.166.114.171,Indonesia,100,418,1,1/5/2024 4:51,R_449MklMs9mLrL0J,,,,,-6.2876,106.722,anonymous,ID,1,3,5,5,3,3,1,1,2,4,1,3,3,3,3,3,4,5,4,3,5,3,3,2,3,3,1,1,3,3,1,7,1,7,5,4,2,7,7,7,3,7,2,1,7,3,7,2,7,4,4,7,1,3,5,1,4,4,1,19,11,11,3,7,5,9,3,1,2,,51,6,,2,3,3,5,3,26,1,3,4,1,8,1
1/4/2024 11:07,1/4/2024 11:17,0,91.44.132.156,Germany,100,574,1,1/4/2024 11:17,R_2t42vFyzivz0U8Q,,,,,47.7726,10.6132,anonymous,DE,1,5,5,4,3,5,1,2,3,5,1,1,1,1,3,1,,,,,,,,,,,,,,,,7,1,5,5,4,4,3,3,3,4,6,1,7,1,3,6,1,6,3,2,6,2,1,6,2,4,1,1,20,3,8,1,1,6,8,1,1,1,2,54,"1,3,5",,2,2,5,5,2,26,2,1,5,1,7,1
1/4/2024 11:29,1/4/2024 11:49,0,2.207.9.219,Germany,100,1197,1,1/4/2024 11:49,R_8gSWvQDBrmWP6RN,,,,,52.289,7.4382,anonymous,DE,1,3,4,4,1,3,1,1,2,4,3,1,1,1,3,2,,,,,,,,,,,,,,,,7,1,6,1,7,3,1,7,5,3,7,1,6,2,1,5,1,7,3,6,7,1,3,7,1,4,1,1,20,7,11,3,6,7,10,5,1,1,4,60,"1,3,4,6",,2,3,5,5,2,27,2,1,5,1,8,1
1/4/2024 22:01,1/4/2024 22:33,0,36.73.32.187,Indonesia,100,1967,1,1/4/2024 22:33,R_4jTCgVxicfV1csU,,,,,-7.4245,109.2302,anonymous,ID,1,4,3,4,4,4,2,2,2,2,2,1,1,1,1,1,4,3,4,4,4,3,2,2,2,2,1,1,1,1,1,5,2,6,3,5,4,2,7,1,7,5,2,3,5,2,5,3,2,3,4,7,1,5,5,1,4,1,1,20,8,6,5,6,6,9,6,1,1,4,70,8,cuaca panas ekstrem,1,2,4,5,5,27,2,3,5,1,10,1
1/3/2024 4:16,1/3/2024 6:33,0,49.37.11.215,India,100,8238,1,1/3/2024 6:33,R_4o6Jk6n6YSlNTGr,,,,,22.518,88.3832,anonymous,EN,1,5,4,4,2,5,2,3,3,4,2,1,1,2,1,1,4,4,4,3,5,3,4,4,4,4,2,2,3,3,2,6,1,7,2,6,4,2,7,1,6,5,2,6,4,2,6,6,2,5,5,5,1,6,3,2,4,1,1,20,7,10,9,8,8,9,8,1,1,4,83,"1,6",,1,1,5,5,2,27,1,2,4,2,9,1
1/4/2024 20:05,1/4/2024 20:27,0,116.254.113.229,Indonesia,100,1283,1,1/4/2024 20:27,R_4VPC0KxdJ85bXk5,,,,,-6.9932,110.4215,anonymous,ID,1,5,5,5,4,5,3,3,2,3,2,1,1,1,3,1,5,5,5,4,5,2,3,2,2,2,1,2,1,2,1,5,2,6,1,5,3,4,7,2,6,6,1,5,4,3,6,2,1,2,4,7,2,6,2,2,3,1,1,19,8,9,3,3,3,8,3,2,,,,,,,,,5,3,27,2,3,4,1,6,1
1/7/2024 4:28,1/7/2024 4:38,0,2.160.86.214,Germany,100,614,1,1/7/2024 4:38,R_6Gs734i1PNKFoGF,,,,,48.641,9.1274,anonymous,DE,1,,,,,,,,,,,,,,,,5,5,4,3,5,2,3,2,3,2,1,1,1,3,1,6,2,6,6,2,6,2,5,2,5,6,2,2,6,5,5,5,4,5,3,6,2,7,1,3,2,4,4,20,7,9,5,6,7,7,4,1,2,,10,"3,6,7",,1,2,4,4,2,27,1,1,4,2,9,1
1/7/2024 11:39,1/7/2024 11:50,0,88.152.187.254,Germany,100,641,1,1/7/2024 11:50,R_5VCk09M0MW8e6Dr,,,,,50.7246,7.1178,anonymous,DE,1,5,5,3,2,4,2,3,5,5,2,1,1,2,5,2,,,,,,,,,,,,,,,,2,5,7,1,7,2,1,6,3,5,6,2,5,3,2,4,6,2,2,5,6,1,6,6,1,2,1,1,22,8,9,11,11,11,11,4,1,2,,20,"1,2,3,6",,2,2,4,4,5,28,1,1,5,3,10,1
1/3/2024 0:14,1/3/2024 0:33,0,42.110.147.176,India,100,1110,1,1/3/2024 0:33,R_4g6gVZRfThJ6ZQ8,,,,,22.518,88.3832,anonymous,EN,1,4,4,4,4,4,2,2,2,2,2,1,1,1,1,1,4,4,4,4,4,1,1,1,1,1,2,2,2,2,2,5,2,5,7,5,2,2,7,1,7,7,1,3,5,2,5,2,7,3,5,4,1,5,5,1,4,1,1,12,11,11,8,1,3,11,1,1,1,4,100,"1,3",,1,2,5,5,3,28,1,2,4,2,1,1
1/3/2024 0:57,1/3/2024 1:12,0,110.224.102.248,India,100,904,1,1/3/2024 1:12,R_4y4tA1xuJIqkqJ4,,,,,22.518,88.3832,anonymous,EN,1,5,4,3,5,4,4,3,4,2,4,3,3,4,5,3,1,2,3,2,3,4,4,2,4,2,3,3,2,2,4,7,1,7,4,7,4,6,7,7,6,6,4,6,4,6,4,6,2,4,5,6,1,5,7,1,4,1,1,20,10,11,7,8,6,10,8,2,,,,,,,,,3,4,28,1,2,5,2,10,1
1/4/2024 18:40,1/4/2024 18:56,0,116.254.113.229,Indonesia,100,957,1,1/4/2024 18:56,R_4417n0hJMQxXC5R,,,,,-6.9932,110.4215,anonymous,ID,1,4,4,4,5,4,1,1,1,3,1,1,1,1,3,1,4,4,3,4,3,1,1,1,2,1,1,1,1,3,1,7,1,6,6,3,3,6,5,3,5,5,3,3,6,3,6,3,3,3,3,3,1,6,1,1,3,1,1,17,6,2,1,4,5,11,5,2,,,,,,,,,5,3,28,1,3,4,2,8,1
1/4/2024 22:43,1/4/2024 23:52,0,103.162.237.250,Indonesia,100,4133,1,1/4/2024 23:52,R_4BSjpYFm7ZSypdg,,,,,-6.9932,110.4215,anonymous,ID,1,1,1,3,3,3,1,1,3,3,3,1,1,2,2,2,2,1,1,3,1,1,3,1,3,3,1,1,1,1,1,6,2,6,2,6,2,5,6,2,5,2,6,4,5,2,5,6,2,4,4,3,2,4,6,1,2,4,4,19,6,11,1,1,1,11,11,1,1,4,20,"1,4,6,7",,1,3,4,5,3,28,2,3,4,2,10,1
1/2/2024 22:25,1/2/2024 23:27,0,110.224.96.211,India,100,3709,1,1/2/2024 23:27,R_4CZ0ZSw5T856rId,,,,,22.518,88.3832,anonymous,EN,1,3,3,3,3,3,3,3,3,3,3,3,3,3,3,3,4,2,3,4,3,1,1,1,3,3,3,3,3,3,3,4,4,4,4,4,4,4,4,4,4,4,4,4,4,4,4,4,3,4,4,4,4,4,4,2,3,1,1,17,6,10,5,4,4,6,6,1,1,4,76,4,,2,2,3,3,3,28,2,2,5,2,9,1
1/4/2024 18:29,1/4/2024 20:04,0,116.254.113.229,Indonesia,100,5733,1,1/4/2024 20:04,R_4QR5Ky2llkJNUxE,,,,,-6.9932,110.4215,anonymous,ID,1,5,5,5,5,5,1,1,1,3,1,1,1,1,3,1,5,5,5,5,5,1,1,1,3,1,1,1,1,3,1,7,1,7,1,7,1,7,7,1,7,2,1,1,7,1,7,1,1,1,5,7,1,6,1,1,4,1,1,20,10,11,2,9,10,11,8,1,2,,30,"1,4,6",,1,1,5,5,2,29,1,3,5,2,10,1
1/5/2024 0:35,1/5/2024 0:44,0,180.246.63.43,Indonesia,100,510,1,1/5/2024 0:44,R_4i8VhInHvieru71,,,,,-6.9932,110.4215,anonymous,ID,1,5,5,4,4,5,3,3,4,4,2,1,1,2,3,1,4,4,3,3,2,3,3,4,4,2,1,1,3,4,1,6,1,7,1,6,6,1,7,7,1,7,1,5,3,2,7,1,7,3,5,6,2,7,1,1,4,1,1,21,5,11,3,4,8,10,6,1,1,5,100,"1,3,4,5,6",,1,2,5,3,5,29,1,3,5,1,11,1
1/4/2024 18:36,1/4/2024 20:38,0,114.10.4.93,Indonesia,100,7326,1,1/4/2024 20:38,R_4g1xHOS7VZF6nDP,,,,,-6.9932,110.4215,anonymous,ID,1,4,5,4,5,4,2,3,1,3,2,1,3,1,3,2,4,4,4,5,5,2,3,1,4,2,1,2,1,2,2,7,1,7,2,4,4,6,7,1,7,6,3,5,7,1,7,1,7,3,4,6,2,6,5,2,3,1,1,19,7,9,3,8,8,10,9,1,1,5,60,"3,4,6",,2,1,4,5,4,29,1,3,4,2,7,1
1/8/2024 2:04,1/15/2024 2:34,0,129.26.171.211,Germany,100,606618,1,1/15/2024 2:34,R_2oFr0zymLYYrccR,,,,,51.2417,6.8046,anonymous,DE,1,5,5,5,3,5,1,1,1,4,1,1,1,1,2,4,,,,,,,,,,,,,,,,7,1,7,1,4,2,1,6,3,5,7,1,4,4,1,7,1,7,1,1,7,1,3,7,1,4,1,1,19,9,11,1,5,4,11,8,1,1,4,85,"1,3,4,6",,1,1,5,5,1,30,1,1,5,1,10,1
1/4/2024 21:24,1/4/2024 21:33,0,103.162.237.12,Indonesia,100,566,1,1/4/2024 21:33,R_41nn7cdguYpcBnn,,,,,-6.9932,110.4215,anonymous,ID,1,4,4,3,5,4,2,2,2,4,2,3,2,1,4,3,4,3,5,4,5,1,1,2,3,1,1,1,1,1,1,7,1,7,1,2,5,3,7,2,6,7,1,6,2,3,6,2,4,3,5,6,1,6,3,1,4,1,1,19,5,11,1,2,1,10,6,1,1,5,90,"1,3,4,5",,2,2,5,4,2,30,2,3,5,2,10,1
1/12/2024 19:15,1/12/2024 19:31,0,182.2.71.105,Indonesia,100,963,1,1/12/2024 19:31,R_4AEzQY5W6YtPObO,,,,,-6.9932,110.4215,anonymous,ID,1,4,4,3,3,2,1,1,4,5,4,1,1,3,5,1,4,4,4,4,4,1,1,4,5,1,1,1,3,5,1,6,2,7,1,2,6,2,7,1,7,7,1,4,6,6,6,7,1,1,5,7,1,4,7,2,3,1,1,19,6,11,4,8,6,11,4,1,1,4,40,"1,3,6",,2,2,4,5,2,30,1,3,4,2,8,1
1/7/2024 1:45,1/7/2024 1:59,0,103.132.53.117,Indonesia,100,844,1,1/7/2024 1:59,R_44NNNFasUMHgzrX,,,,,-6.8882,109.6724,anonymous,ID,1,4,4,4,2,3,1,1,2,3,3,1,1,1,2,1,4,4,4,3,3,1,1,2,3,3,1,1,1,2,2,7,1,7,2,6,2,2,7,2,6,6,2,6,2,2,6,2,5,4,4,5,1,6,2,1,4,1,1,17,6,11,6,3,4,11,6,2,,,,,,,,,5,1,32,1,3,5,2,7,1
1/5/2024 7:17,1/5/2024 7:46,0,114.5.222.197,Indonesia,100,1738,1,1/5/2024 7:46,R_4v59asBaT82kpk5,,,,,-7.2484,112.7419,anonymous,ID,1,2,2,2,2,2,2,2,2,2,2,1,1,1,1,1,1,3,2,2,2,4,4,2,2,2,1,1,1,1,1,7,1,7,1,7,1,2,7,2,6,2,6,2,6,1,6,1,6,2,7,2,1,7,1,1,4,1,1,22,9,9,1,6,6,11,8,1,1,4,45,"2,3,4,6,7",,1,2,4,5,2,32,1,3,4,1,7,1
1/4/2024 19:08,1/4/2024 21:14,0,180.246.88.171,Indonesia,100,7560,1,1/4/2024 21:14,R_4PukaM6TAAOo22d,,,,,-6.8906,110.6434,anonymous,ID,1,4,4,4,2,5,1,1,2,2,1,1,1,1,3,1,4,4,4,2,5,1,1,3,3,1,1,1,1,3,1,7,2,7,1,6,1,6,7,2,6,7,1,6,2,3,7,4,4,1,6,6,1,7,1,1,3,4,4,20,9,11,2,2,7,7,9,1,1,4,40,"1,2,3,4,5,6,7",,1,2,5,5,2,33,1,3,5,2,7,1
1/5/2024 4:57,1/5/2024 5:10,0,180.248.0.85,Indonesia,100,796,1,1/5/2024 5:10,R_4j5NvJTFv4t9rZ7,,,,,-7.8175,112.019,anonymous,ID,1,5,5,5,3,5,1,1,1,3,1,1,1,1,3,1,5,5,4,3,5,1,1,1,3,4,1,1,1,3,1,7,1,7,1,7,1,3,7,6,3,6,2,7,2,1,7,1,5,1,6,7,1,4,6,1,4,1,1,22,10,11,1,11,11,10,11,1,1,5,71,"3,4,7",,1,2,4,5,1,33,2,3,4,3,8,1
1/5/2024 3:53,1/5/2024 4:33,0,118.96.186.62,Indonesia,100,2361,1,1/5/2024 4:33,R_4Ep3NOYIDPQShsL,,,,,-6.9932,110.4215,anonymous,ID,1,3,1,3,5,2,4,2,3,4,4,1,1,3,3,2,4,3,3,4,4,4,5,3,3,3,1,2,3,3,3,7,2,3,2,5,4,5,7,4,4,7,2,6,7,4,7,2,6,4,7,7,2,6,3,2,4,1,1,20,8,9,5,8,5,7,6,1,1,4,75,"1,5,6",,2,1,5,4,4,33,2,3,5,1,7,1
1/4/2024 21:40,1/4/2024 22:36,0,182.1.82.227,Indonesia,100,3315,1,1/4/2024 22:36,R_4xKsakjAipFokY2,,,,,-7.2484,112.7419,anonymous,ID,1,5,5,5,5,5,1,1,1,1,1,1,2,1,3,1,1,1,1,1,1,1,1,1,1,1,1,1,1,1,1,7,1,7,2,6,2,4,6,2,6,6,6,6,2,2,6,2,2,3,6,6,1,4,4,2,2,1,1,20,9,9,7,9,9,9,7,1,2,,20,"3,4,6",,2,2,4,5,4,34,1,3,4,2,7,1
1/4/2024 21:52,1/4/2024 22:50,0,114.10.21.113,Indonesia,100,3482,1,1/4/2024 22:50,R_4q9G9h9CWtAnPRF,,,,,-7.3614,110.2715,anonymous,ID,1,4,4,4,3,4,2,2,2,2,2,1,1,1,1,1,4,5,4,4,4,2,2,2,2,2,1,1,1,1,1,5,3,6,3,5,2,5,6,4,5,4,4,4,4,3,6,3,3,3,4,7,1,4,4,2,3,4,4,15,6,8,4,4,4,9,6,1,2,,,"3,6",,2,3,4,4,3,34,1,3,3,3,8,1
1/5/2024 2:12,1/5/2024 2:24,0,180.253.69.230,Indonesia,100,716,1,1/5/2024 2:24,R_4pYIF0SmJmxG4B6,,,,,-6.5923,110.6729,anonymous,ID,1,4,5,5,4,4,2,3,3,3,3,2,2,2,2,2,4,5,5,3,5,2,3,3,3,2,1,1,1,1,1,7,1,7,3,4,4,1,7,1,7,7,1,4,4,1,7,2,7,2,4,3,2,7,1,2,4,1,1,22,11,11,4,6,6,10,10,1,1,5,75,3,,1,3,5,5,4,35,1,3,4,2,5,1
1/5/2024 4:36,1/5/2024 4:55,0,114.10.139.254,Indonesia,100,1102,1,1/5/2024 4:55,R_40Fr7wRIIwErO4p,,,,,-0.4931,117.1495,anonymous,ID,1,5,5,5,4,5,2,2,2,4,2,1,1,1,2,1,5,5,5,4,5,2,2,2,4,2,1,1,1,2,1,6,2,7,1,4,4,5,6,2,6,6,2,1,7,3,6,3,6,3,3,6,1,4,6,2,3,1,1,21,8,9,1,1,1,6,9,1,2,,40,3,,1,1,4,4,2,35,1,3,4,2,10,1
1/4/2024 20:44,1/5/2024 20:47,0,180.242.209.217,Indonesia,100,86618,1,1/5/2024 20:47,R_4q3UorZzxB1pEFc,,,,,-7.2484,112.7419,anonymous,ID,1,5,5,3,2,4,5,5,3,3,4,1,1,1,2,1,5,5,4,5,4,1,1,1,2,1,1,1,1,1,1,6,1,7,1,4,2,2,7,1,7,7,1,2,4,2,6,2,6,4,4,6,1,4,7,1,3,1,1,22,9,11,1,4,6,11,10,1,1,5,70,"2,3,4,5,6,7",,1,2,3,5,2,36,2,3,5,2,10,1
1/5/2024 0:03,1/5/2024 0:14,0,182.2.46.135,Indonesia,100,613,1,1/5/2024 0:14,R_41LD1bZ6fCCV1Mw,,,,,-6.9932,110.4215,anonymous,ID,1,4,4,4,4,4,5,5,5,5,5,1,1,1,1,1,4,4,4,4,4,5,5,5,5,5,1,1,1,1,1,6,2,7,2,2,5,5,6,2,6,5,2,6,2,2,6,6,2,5,3,6,2,2,7,2,3,1,1,20,9,9,4,9,9,9,6,1,1,4,40,"3,5",,2,3,4,5,3,37,1,3,5,1,7,1
1/4/2024 19:21,1/4/2024 20:17,0,182.2.76.188,Indonesia,100,3316,1,1/4/2024 20:17,R_4jDNsT7xOHLcOKU,,,,,-6.9932,110.4215,anonymous,ID,1,4,5,4,2,5,2,2,1,3,2,1,1,1,5,1,4,4,4,2,4,1,1,1,3,1,1,1,1,4,1,6,1,6,7,6,1,2,7,2,6,2,2,2,2,1,7,1,1,2,5,3,1,1,5,1,3,1,1,21,11,11,1,4,9,11,9,1,2,,86,"1,3",,2,2,4,5,4,38,1,3,5,2,10,1
1/5/2024 0:15,1/5/2024 0:48,0,182.2.141.233,Indonesia,100,2012,1,1/5/2024 0:48,R_4kk4bhg7DxlGcgR,,,,,-6.2114,106.8446,anonymous,ID,1,4,4,3,4,3,2,2,2,4,2,2,1,2,4,1,4,4,5,4,4,3,3,2,4,3,3,3,3,4,2,6,2,6,2,4,2,2,4,3,3,5,5,6,3,2,6,2,2,3,2,3,2,3,3,3,3,4,4,20,6,9,6,8,5,7,3,1,2,,44,"1,3",,2,2,4,4,2,38,1,3,6,2,8,1
1/5/2024 4:01,1/5/2024 4:15,0,125.162.248.220,Indonesia,100,842,1,1/5/2024 4:15,R_4TVgMCHQElAQP73,,,,,-6.2114,106.8446,anonymous,ID,1,5,5,5,2,5,4,4,3,1,3,1,1,1,5,1,4,4,4,1,5,3,4,4,1,4,1,1,1,5,1,6,2,6,3,4,4,1,6,3,2,6,2,5,3,2,7,2,6,5,3,5,1,4,3,2,4,1,1,20,8,11,9,8,11,9,4,1,1,4,100,3,,2,3,4,5,3,39,1,3,5,3,9,1
1/5/2024 0:13,1/5/2024 0:59,0,116.254.113.229,Indonesia,100,2765,1,1/5/2024 0:59,R_4R1USzdTZYiAMdC,,,,,-6.9932,110.4215,anonymous,ID,1,4,3,3,4,3,2,2,2,4,1,1,1,1,4,1,3,3,3,4,2,2,2,1,4,1,1,1,1,4,1,5,2,7,2,6,3,6,6,2,6,6,5,4,4,2,5,3,4,4,4,6,2,4,6,2,4,4,1,17,5,6,2,2,5,10,6,2,,,,,,,,,5,2,40,2,3,4,3,8,1
1/5/2024 1:42,1/5/2024 1:53,0,103.56.235.66,Indonesia,100,675,1,1/5/2024 1:53,R_4zjtY9Da0Cmq8hl,,,,,-6.2114,106.8446,anonymous,ID,1,4,4,4,4,4,3,3,3,3,3,2,2,1,2,2,4,4,5,3,4,3,3,3,3,3,2,2,2,2,2,4,2,6,2,5,4,4,7,3,3,4,3,2,6,4,6,3,3,4,3,6,2,6,2,3,2,1,1,17,2,10,8,2,2,9,6,1,2,,11,8,gempa,2,3,4,5,2,40,2,3,5,2,9,1
1/4/2024 22:01,1/4/2024 22:20,0,119.82.245.14,Indonesia,100,1154,1,1/4/2024 22:20,R_4Jx7M9Mup4UieiZ,,,,,-7.397,110.3635,anonymous,ID,1,4,4,3,3,3,2,2,2,2,2,1,1,1,1,1,4,4,2,2,3,1,1,1,1,1,1,1,1,1,1,6,2,6,2,6,2,6,7,2,6,1,3,3,3,2,6,5,2,2,4,6,1,6,1,2,3,1,1,17,6,9,6,6,6,9,9,2,,,,,,,,,4,3,40,2,3,4,2,8,1
1/5/2024 0:14,1/5/2024 0:29,0,182.255.7.21,Indonesia,100,901,1,1/5/2024 0:29,R_4vd0MpkAuZdpSQd,,,,,-6.9932,110.4215,anonymous,ID,1,5,5,4,4,5,4,4,4,4,4,2,2,3,3,2,4,5,4,3,5,2,2,2,3,1,1,1,1,3,1,5,3,6,5,5,5,6,7,2,6,6,3,2,7,3,5,2,3,4,4,6,2,6,3,2,3,4,1,20,8,9,1,8,8,8,9,2,,,,,,,,,5,4,42,2,3,5,3,8,1
1/5/2024 6:34,1/5/2024 6:49,0,103.120.173.98,Indonesia,100,863,1,1/5/2024 6:49,R_4rH0hww4nkZJCFu,,,,,-6.9932,110.4215,anonymous,ID,1,3,2,2,2,1,2,2,2,2,2,1,1,1,3,1,2,3,1,3,1,1,1,1,3,1,1,1,1,3,1,4,3,5,2,2,6,1,7,2,6,6,2,2,6,4,6,2,4,5,3,6,1,6,2,2,4,1,1,19,9,9,6,8,8,9,7,1,1,5,90,"1,3,6",,2,2,4,5,2,43,2,3,4,1,8,1
1/5/2024 4:51,1/5/2024 5:21,0,110.136.200.43,Indonesia,100,1812,1,1/5/2024 5:21,R_4obAH3XQA9XH5Ee,,,,,-6.9932,110.4215,anonymous,ID,1,3,3,3,3,2,3,3,3,3,2,3,3,3,3,2,3,3,3,3,2,3,3,3,3,2,2,2,2,2,2,6,2,6,2,3,3,6,7,2,6,5,2,3,6,2,6,3,5,3,3,5,1,3,3,1,2,1,4,20,7,10,2,8,8,10,7,2,,,,,,,,,5,2,47,2,3,4,2,8,1
1/5/2024 7:17,1/5/2024 7:31,0,182.2.83.194,Indonesia,100,818,1,1/5/2024 7:31,R_4lskbDJcUiJPKoe,,,,,-6.9932,110.4215,anonymous,ID,1,5,5,5,4,5,2,2,1,4,1,2,2,1,3,1,5,5,5,3,5,2,3,1,3,1,2,3,1,3,1,7,2,7,1,6,2,2,7,1,6,6,7,2,7,2,7,1,2,2,6,6,1,4,6,1,4,1,1,22,9,11,4,6,9,11,6,1,1,5,79,"1,3,4,6",,2,3,5,5,4,49,1,3,5,1,10,1
1/5/2024 19:46,1/5/2024 20:09,0,114.10.22.53,Indonesia,100,1381,1,1/5/2024 20:09,R_4Hkn895m8AbuUju,,,,,-6.9932,110.4215,anonymous,ID,1,5,5,5,2,5,2,2,1,4,1,1,1,1,3,1,5,5,5,2,5,2,2,1,3,2,1,1,1,4,1,7,1,7,1,7,2,1,7,1,7,6,1,1,7,1,7,1,1,1,5,7,1,7,1,1,4,1,1,15,4,11,4,4,4,11,2,2,,,,,,,,,5,1,50,2,3,4,1,9,1
1/4/2024 10:12,1/4/2024 10:33,0,149.249.153.32,Germany,100,1253,1,1/4/2024 10:33,R_2CDyYULlHR6AHZL,,,,,49.8604,8.6486,anonymous,DE,1,5,5,4,4,5,2,4,4,4,2,1,1,2,4,1,,,,,,,,,,,,,,,,7,1,5,2,1,6,1,7,6,1,6,2,6,2,2,5,5,3,4,4,6,1,1,6,2,2,1,1,18,9,11,1,1,1,11,6,1,2,,20,,,1,2,3,4,2,50,2,1,3,2,7,1
1/4/2024 12:19,1/4/2024 12:39,0,217.228.25.136,Germany,100,1199,1,1/4/2024 12:39,R_8kcb4slPsBnwb8h,,,,,49.677,8.9925,anonymous,DE,1,,,,,,,,,,,,,,,,5,5,5,3,4,1,1,3,3,1,1,1,2,2,1,7,1,5,3,4,3,2,7,5,6,7,1,7,1,1,7,5,1,5,3,6,1,1,7,1,4,1,1,19,3,4,1,2,6,11,3,1,1,4,50,"1,3,4,5,6,7",,2,2,4,5,2,52,2,1,3,1,9,1
1/4/2024 18:29,1/4/2024 18:42,0,36.71.82.241,Indonesia,100,750,1,1/4/2024 18:42,R_41Pv5moYqOFPAMp,,,,,-6.9932,110.4215,anonymous,ID,1,5,5,5,3,5,1,1,1,3,1,1,1,1,3,3,5,5,5,3,3,3,3,3,3,3,1,1,1,3,3,6,2,6,6,7,2,6,6,2,6,2,2,2,6,1,6,6,2,2,4,6,2,1,2,1,3,1,1,17,6,11,2,9,7,10,6,1,1,4,72,6,,2,2,4,4,4,52,2,3,5,2,9,1
1/4/2024 21:17,1/4/2024 21:36,0,36.80.189.136,Indonesia,100,1096,1,1/4/2024 21:36,R_4ls3IEcENlMiVl0,,,,,-6.9932,110.4215,anonymous,ID,1,4,4,5,2,5,2,2,2,4,1,1,1,1,2,5,4,4,5,2,5,2,2,1,4,1,1,1,1,4,1,7,2,7,1,6,2,5,7,6,2,7,1,4,4,2,7,1,1,1,2,7,1,6,1,2,3,1,1,20,6,10,2,4,2,10,6,1,2,,25,"1,3,4,7",,2,1,5,5,2,53,2,3,5,2,9,1
1/4/2024 9:49,1/4/2024 9:59,0,91.12.18.203,Germany,100,647,1,1/4/2024 9:59,R_20NRxmXkAhhylE5,,,,,49.6372,8.6366,anonymous,DE,1,,,,,,,,,,,,,,,,5,5,5,3,3,2,2,3,4,4,1,1,2,3,3,6,1,4,5,3,5,2,5,2,5,3,5,3,5,2,6,5,3,3,5,4,5,2,6,3,2,4,4,21,6,9,1,1,2,8,6,1,2,,10,1,,1,1,3,4,2,54,2,1,5,2,8,1
1/6/2024 6:49,1/6/2024 7:16,0,36.68.10.24,Indonesia,100,1599,1,1/6/2024 7:16,R_4ZQ7ykOCSfk2fW2,,,,,-7.5533,110.831,anonymous,ID,1,4,3,2,3,3,1,1,1,1,1,1,1,1,1,1,4,4,2,3,2,1,1,1,1,1,1,1,1,1,1,7,2,7,2,6,1,6,6,2,7,7,2,2,7,1,7,2,6,2,1,7,1,7,2,1,4,1,1,19,11,8,2,2,3,11,1,1,1,5,82,"1,2,3,4,5,6,7",,1,1,1,5,1,55,1,3,4,2,8,1
1/6/2024 1:10,1/6/2024 1:45,0,103.121.144.119,Indonesia,100,2081,1,1/6/2024 1:45,R_4NVu85qs4Rpwd1v,,,,,-6.2352,106.9922,anonymous,ID,1,5,5,5,3,5,3,3,3,3,3,1,1,1,3,1,5,5,5,5,5,3,3,3,3,3,1,1,1,1,1,6,1,7,1,4,4,3,7,1,3,2,2,2,4,3,6,3,5,2,3,6,1,4,2,1,3,1,1,22,6,6,1,1,1,11,9,1,1,4,77,"1,2,3,4,5,6,7",,2,3,4,4,2,56,2,3,4,2,9,1
1/4/2024 22:25,1/4/2024 22:44,0,182.2.44.18,Indonesia,100,1182,1,1/4/2024 22:44,R_4ilCMWfGNQjeaMJ,,,,,-6.9932,110.4215,anonymous,ID,1,5,5,5,5,5,5,3,1,1,1,1,1,1,5,1,5,5,5,1,5,1,1,1,1,1,1,1,1,1,1,6,2,6,4,6,2,6,7,2,6,4,5,6,6,2,7,4,4,2,6,6,2,4,2,1,4,1,4,17,6,11,6,6,6,11,6,1,2,,26,6,,2,2,4,4,2,57,2,3,4,2,10,1
1/4/2024 21:26,1/4/2024 21:48,0,180.246.118.13,Indonesia,100,1277,1,1/4/2024 21:48,R_41oBmF1Ap8J0rw8,,,,,-6.9932,110.4215,anonymous,ID,1,1,1,1,3,1,1,1,1,3,1,1,1,1,4,1,2,2,1,3,1,1,1,1,4,1,1,1,1,4,1,7,1,7,1,4,2,1,7,3,3,6,3,5,4,1,7,2,6,3,5,7,1,5,2,1,4,1,1,19,4,10,1,1,1,6,7,1,2,,60,3,,2,3,5,5,4,58,2,3,5,3,9,1
1/4/2024 23:22,1/4/2024 23:48,0,116.254.113.229,Indonesia,100,1546,1,1/4/2024 23:48,R_4OMlU4pV1d3Vtzb,,,,,-6.9932,110.4215,anonymous,ID,1,3,3,4,5,5,4,4,4,5,3,1,1,1,4,1,5,5,5,2,5,5,5,5,3,5,1,1,1,2,1,7,1,7,1,6,3,2,7,6,3,7,1,4,4,2,7,1,6,2,6,5,1,6,4,2,3,1,1,21,10,9,1,1,1,11,9,1,1,5,70,"3,4,5,6,7,8",Gempa gunung berapi,1,3,4,5,3,58,2,3,5,2,9,1
1/5/2024 21:58,1/5/2024 23:30,0,36.72.217.3,Indonesia,100,5534,1,1/5/2024 23:30,R_4flMU85FaZAcYVR,,,,,-7.4702,110.2213,anonymous,ID,1,5,5,5,2,5,5,5,4,3,2,1,1,1,5,3,5,5,1,2,4,3,3,5,3,3,1,1,1,3,3,7,1,7,2,5,1,4,7,3,2,1,3,7,6,1,6,2,6,6,6,7,2,6,6,2,3,1,1,20,3,6,2,6,3,10,2,1,2,,70,3,,2,2,5,5,5,59,2,3,4,2,6,1
1/4/2024 20:46,1/4/2024 21:11,0,180.254.8.115,Indonesia,100,1511,1,1/4/2024 21:11,R_4AZjByHdnRSz3dO,,,,,-6.9932,110.4215,anonymous,ID,1,5,3,4,4,4,1,1,1,1,1,1,1,1,1,1,5,5,5,4,5,1,1,1,4,1,1,1,1,3,1,6,1,6,1,6,1,2,6,1,6,1,1,1,6,1,6,1,1,2,6,6,1,2,2,1,4,1,1,17,9,9,1,6,6,9,6,1,1,5,84,"3,4,6,7",,2,3,5,5,1,60,2,3,5,2,10,1
1/4/2024 20:17,1/4/2024 21:31,0,36.80.194.22,Indonesia,100,4405,1,1/4/2024 21:31,R_4CBKf2jMhs5dma1,,,,,-6.9932,110.4215,anonymous,ID,1,3,2,2,1,1,1,1,1,1,1,1,1,1,1,1,1,1,1,1,2,2,2,2,2,2,1,1,1,2,1,6,5,6,2,6,2,5,7,1,6,5,6,5,7,1,7,6,2,5,4,7,1,7,2,1,4,4,1,17,2,10,3,2,8,9,8,1,1,5,70,"3,6",,2,2,4,4,2,62,2,3,5,2,10,1
1/4/2024 6:16,1/4/2024 9:59,0,80.187.101.168,Germany,100,13410,1,1/4/2024 9:59,R_2Lh8WsdCT9U1Chz,,,,,50.1049,8.6295,anonymous,DE,1,5,5,3,4,5,2,1,3,5,5,1,1,2,3,3,,,,,,,,,,,,,,,,5,4,4,3,1,3,1,6,1,5,7,1,5,1,5,3,7,1,1,7,4,1,4,3,4,4,1,1,20,6,9,1,9,9,10,9,1,2,,90,"1,4",,2,2,3,5,1,62,1,1,5,2,10,1
1/6/2024 1:00,1/6/2024 1:32,0,125.165.229.15,Indonesia,100,1895,1,1/6/2024 1:32,R_4qwhKMVPem4fCge,,,,,-7.8035,110.3646,anonymous,ID,1,5,5,5,5,5,1,1,1,5,1,1,1,1,5,1,5,5,5,5,5,1,1,1,5,1,1,1,1,5,1,7,1,7,1,7,1,7,7,5,6,6,2,2,7,1,7,1,2,2,4,4,1,6,2,1,4,4,4,22,11,11,1,1,1,11,11,1,1,5,100,"2,3,4,5,6,7,8",Gunung meletus,1,1,5,5,4,64,2,3,6,2,9,1
1/2/2024 20:42,1/2/2024 20:53,0,49.37.34.161,India,100,633,1,1/2/2024 20:53,R_4dHaLRK4pubIgUw,,,,,22.518,88.3832,anonymous,EN,1,4,4,4,4,4,3,3,3,3,2,1,1,1,1,1,4,3,3,4,5,2,1,1,1,1,1,1,1,1,1,7,1,7,1,4,4,3,7,2,6,7,1,7,7,2,7,1,7,4,4,6,1,7,1,1,4,1,1,20,11,11,5,10,10,10,11,1,1,5,95,"1,3,4,5,6,7",,1,1,5,5,2,,2,2,5,2,5,1
1/2/2024 22:18,1/2/2024 23:04,0,49.37.39.141,India,100,2798,1,1/2/2024 23:04,R_4fRoT73cdLD71ER,,,,,22.518,88.3832,anonymous,EN,1,5,4,5,2,2,3,4,4,2,3,1,1,1,3,5,5,3,4,2,4,1,1,1,2,3,1,1,1,2,1,5,1,6,5,7,4,2,7,5,5,6,7,4,4,1,5,1,7,3,5,7,1,7,4,1,4,1,1,19,7,9,3,5,7,9,6,1,1,4,82,"1,3,6,7",,1,3,5,5,5,,2,2,3,2,6,1
1/4/2024 18:43,1/4/2024 18:52,0,114.4.220.11,Indonesia,100,533,1,1/4/2024 18:52,R_4IC8huhBdcol6GB,,,,,-7.2484,112.7419,anonymous,ID,1,5,5,5,5,5,1,1,1,1,1,1,1,1,1,1,5,5,5,3,5,1,1,1,4,1,1,1,1,1,1,7,1,7,1,7,2,7,7,1,7,6,1,4,4,1,7,1,1,2,7,7,1,1,2,1,4,1,1,22,11,11,11,1,5,11,4,1,2,,100,"3,4,6,7",,2,3,5,5,5,,2,3,5,2,9,1
1/5/2024 1:37,1/5/2024 1:41,0,210.57.214.98,Indonesia,100,211,1,1/5/2024 1:41,R_4FnQTGpiJK8XFTC,,,,,-7.2484,112.7419,anonymous,ID,1,4,5,4,5,5,5,5,5,5,5,1,1,1,1,1,4,5,5,5,5,4,5,5,5,4,5,5,5,4,5,7,7,6,7,7,7,7,7,7,7,7,7,7,7,6,5,7,7,5,7,7,6,7,7,1,2,1,1,20,9,11,10,7,4,11,8,1,2,,84,"1,2,3,4,5,6,7",,2,2,1,5,4,,1,3,5,2,10,1
1/5/2024 7:01,1/5/2024 7:28,0,182.2.46.116,Indonesia,100,1584,1,1/5/2024 7:28,R_4sGMBijW3oLnKs9,,,,,-6.9932,110.4215,anonymous,ID,1,5,5,5,3,3,3,3,1,3,3,1,1,1,3,3,3,3,1,3,2,2,3,1,3,3,1,1,1,3,3,7,1,7,1,7,1,2,7,2,2,7,1,7,1,1,1,1,7,1,1,5,1,1,7,1,4,1,1,22,11,1,1,1,1,11,11,1,1,5,96,"2,3,4,5,7",,1,1,5,5,1,,1,3,4,1,11,1
1/5/2024 20:52,1/5/2024 21:30,0,114.79.23.121,Indonesia,100,2260,1,1/5/2024 21:30,R_4Ab3KPx8HqzwhTX,,,,,-7.2484,112.7419,anonymous,ID,1,4,4,4,4,4,1,1,1,1,1,1,1,1,1,1,5,5,1,2,1,1,1,1,1,1,1,1,1,1,1,1,1,7,2,4,2,2,7,2,6,6,2,2,4,1,7,1,6,2,1,7,1,2,2,1,4,1,1,20,10,10,2,2,2,8,9,1,2,,38,"1,6",,2,2,5,5,1,,2,3,6,2,9,1
1/2/2024 21:21,1/2/2024 21:25,0,152.58.183.66,India,100,246,1,1/2/2024 21:25,R_40IAq6SYOd2IGQp,,,,,22.518,88.3832,anonymous,EN,1,4,4,4,4,4,4,4,4,4,4,4,4,4,4,4,4,4,4,4,4,4,4,4,4,4,4,4,3,3,3,4,4,4,4,4,5,4,4,4,4,4,4,4,4,4,4,7,4,5,4,4,5,3,4,2,3,1,4,20,7,7,7,6,8,10,8,2,,,,,,,,,3,3,,3,4,5,2,8,1
1/5/2024 4:32,1/5/2024 4:42,0,106.213.81.29,India,100,585,1,1/5/2024 4:42,R_4TqaYysCnFgr077,,,,,18.6161,73.7286,anonymous,EN,1,5,5,4,2,5,3,3,5,5,2,1,1,2,5,5,4,4,4,5,3,2,2,3,5,4,1,1,1,5,3,7,1,6,1,3,5,2,6,3,5,7,1,3,5,2,7,5,3,6,3,6,2,6,3,2,3,1,1,17,7,11,8,9,7,11,1,1,1,4,71,"2,5,6",,1,1,5,4,2,,2,2,4,2,7,1
1/4/2024 18:49,1/4/2024 21:56,0,125.164.125.240,Indonesia,100,11200,1,1/4/2024 21:56,R_4scg6ipCm4fPQqi,,,,,-7.2484,112.7419,anonymous,ID,1,4,4,3,4,4,2,1,1,4,1,1,1,1,4,1,4,4,4,2,4,1,1,1,1,1,1,1,1,4,1,6,2,6,2,4,4,4,6,2,6,5,3,3,7,3,7,3,6,3,4,6,2,6,2,2,3,1,1,14,7,10,3,9,9,10,5,2,,,,,,,,,4,2,,2,3,4,2,8,1
1/4/2024 19:43,1/4/2024 19:59,0,182.3.50.100,Indonesia,100,992,1,1/4/2024 19:59,R_4s4qbCy9O2Ytd4J,,,,,-6.2114,106.8446,anonymous,ID,1,4,3,4,4,3,3,2,3,2,3,3,3,3,3,3,3,4,5,3,4,2,2,2,3,1,1,2,1,4,3,4,4,4,4,4,4,4,4,4,4,4,4,4,4,4,4,4,7,4,4,4,4,1,4,3,2,4,4,13,11,3,7,4,9,11,4,1,1,2,44,"3,6,7",,2,2,3,3,3,,1,3,5,1,12,1
1/5/2024 6:49,1/5/2024 6:53,0,114.10.65.64,Indonesia,100,230,1,1/5/2024 6:53,R_4g00fOmq78wtM7T,,,,,-6.2114,106.8446,anonymous,ID,1,2,5,5,3,3,2,4,5,3,4,2,4,4,4,3,2,3,3,3,2,3,4,4,5,4,4,3,3,4,4,4,1,4,4,4,4,4,4,4,4,4,4,4,4,4,4,4,4,4,4,4,4,4,4,3,2,,1,16,8,7,6,7,9,6,6,2,,,,,,,,,3,3,,1,3,4,1,9,1
1/5/2024 8:15,1/5/2024 8:18,0,180.248.10.250,Indonesia,100,159,1,1/5/2024 8:18,R_46GG76AWodz5K5H,,,,,-7.8175,112.019,anonymous,ID,1,5,3,3,4,2,2,5,1,1,4,3,2,2,1,5,4,1,4,2,3,5,1,2,4,3,2,4,1,4,4,4,4,4,4,4,3,4,4,4,4,4,4,4,4,4,4,4,4,4,4,4,4,4,4,3,3,4,1,17,1,5,3,4,5,5,3,1,1,4,49,3,,1,1,3,3,3,,2,3,3,1,9,1
1/5/2024 7:41,1/5/2024 8:01,0,36.82.122.218,Indonesia,100,1208,1,1/5/2024 8:01,R_42sMqBjqJDrNvDb,,,,,-7.2484,112.7419,anonymous,ID,1,5,5,4,3,4,3,4,4,3,3,3,4,3,4,4,1,1,2,3,4,4,3,3,3,4,4,4,3,3,3,6,2,6,2,4,4,2,6,3,5,6,3,2,6,2,6,2,6,3,5,6,7,6,1,,4,1,1,13,8,9,3,9,9,9,9,1,1,5,44,"1,3,4,5,6",,2,3,5,4,2,,1,3,4,2,7,1
